region,rank,division,summonerName,win,lose,winRatio
la1,CHALLENGER,-,VírusFx,76,52,0.5938
la1,CHALLENGER,-,Hakkou,207,175,0.5419
la1,CHALLENGER,-,Falan,151,120,0.5572
la1,CHALLENGER,-,Dios Escanor,341,299,0.5328
la1,CHALLENGER,-,Nightwolf9,241,220,0.5228
la1,CHALLENGER,-,ina and ani,190,137,0.581
la1,CHALLENGER,-,Ichiro Suzuki,238,219,0.5208
la1,CHALLENGER,-,Maria Marie,141,113,0.5551
la1,CHALLENGER,-,Gøn Zøldÿck,578,549,0.5129
la1,CHALLENGER,-,Nazeebo,207,168,0.552
la1,CHALLENGER,-,WL Redsaturn,415,356,0.5383
la1,CHALLENGER,-,S4dB0y,173,147,0.5406
la1,CHALLENGER,-,I00 gecs,160,108,0.597
la1,CHALLENGER,-,iguanin,392,360,0.5213
la1,CHALLENGER,-,Sinfonías,138,101,0.5774
la1,CHALLENGER,-,TwichTv Suntaric,317,266,0.5437
la1,CHALLENGER,-,Hetairo,176,149,0.5415
la1,CHALLENGER,-,Sun Tiger,178,154,0.5361
la1,CHALLENGER,-,Squancho,177,144,0.5514
la1,CHALLENGER,-,Godsi,214,173,0.553
la1,CHALLENGER,-,Diane Amz,203,170,0.5442
la1,CHALLENGER,-,JarnJezuze,288,231,0.5549
la1,CHALLENGER,-,De Abreu,232,208,0.5273
la1,CHALLENGER,-,Greedy dog,269,220,0.5501
la1,CHALLENGER,-,UC llSkyll,132,111,0.5432
la1,CHALLENGER,-,Kofla,192,160,0.5455
la1,CHALLENGER,-,KiluaHaruno,323,289,0.5278
la1,CHALLENGER,-,rubenxswrd,142,101,0.5844
la1,CHALLENGER,-,Cheryl,496,464,0.5167
la1,CHALLENGER,-,Kanye Omari West,296,244,0.5481
la1,CHALLENGER,-,IlGatolI,367,277,0.5699
la1,CHALLENGER,-,VaIeria,162,106,0.6045
la1,CHALLENGER,-,Yuuna,163,127,0.5621
la1,CHALLENGER,-,PK Eduardupulus,326,255,0.5611
la1,CHALLENGER,-,Thresh Maker,445,420,0.5145
la1,CHALLENGER,-,TwitchTvDragosKS,160,136,0.5405
la1,CHALLENGER,-,ElCerdoEnojado,489,429,0.5327
la1,CHALLENGER,-,mylo,201,171,0.5403
la1,CHALLENGER,-,Egzod,359,314,0.5334
la1,CHALLENGER,-,Losetrade,187,149,0.5565
la1,CHALLENGER,-,Twitchtv Nishkyu,227,195,0.5379
la1,CHALLENGER,-,Fallen IV,660,622,0.5148
la1,CHALLENGER,-,Crawl,327,288,0.5317
la1,CHALLENGER,-,AWK ł ł ł,238,202,0.5409
la1,CHALLENGER,-,Blakzx,152,133,0.5333
la1,CHALLENGER,-,Ashcrow,392,364,0.5185
la1,CHALLENGER,-,disgusted,224,185,0.5477
la1,CHALLENGER,-,Linksuo,169,135,0.5559
la1,CHALLENGER,-,Sevën,191,160,0.5442
la1,CHALLENGER,-,Sbortax,352,328,0.5176
la1,CHALLENGER,-,Olaf,178,142,0.5563
la1,CHALLENGER,-,Amed,166,142,0.539
la1,CHALLENGER,-,Bow,116,61,0.6554
la1,CHALLENGER,-, God exists,307,250,0.5512
la1,CHALLENGER,-,NiêR,345,293,0.5408
la1,CHALLENGER,-,htcbest,106,59,0.6424
la1,CHALLENGER,-,Sajoth,157,92,0.6305
la1,CHALLENGER,-,NRE Minalup,406,368,0.5245
la1,CHALLENGER,-,SinapsisCRC,147,114,0.5632
la1,CHALLENGER,-,Joker Was Here,279,248,0.5294
la1,CHALLENGER,-,Talented,191,140,0.577
la1,CHALLENGER,-,Pichu,219,192,0.5328
la1,CHALLENGER,-,ayodneS,294,280,0.5122
la1,CHALLENGER,-,C A N V A SS,847,776,0.5219
la1,CHALLENGER,-,Imperial Japan,233,208,0.5283
la1,CHALLENGER,-,Reyarteb,75,45,0.625
la1,CHALLENGER,-,Jesús te amó,226,166,0.5765
la1,CHALLENGER,-,Reinerr Braun,121,89,0.5762
la1,CHALLENGER,-,Topunknow,167,119,0.5839
la1,CHALLENGER,-,Amami,295,255,0.5364
la1,CHALLENGER,-,ƒëär,202,168,0.5459
la1,CHALLENGER,-,Orgasm Producer,250,193,0.5643
la1,CHALLENGER,-,NoisyB,193,149,0.5643
la1,CHALLENGER,-,Bry Grosero,201,176,0.5332
la1,CHALLENGER,-,Pastelero yuuta,667,628,0.5151
la1,CHALLENGER,-,Helcrank,505,476,0.5148
la1,CHALLENGER,-,Simp De Vega,418,394,0.5148
la1,CHALLENGER,-,buinyuin,291,262,0.5262
la1,CHALLENGER,-,Shadøumonãku,75,41,0.6466
la1,CHALLENGER,-,TK Foxy,360,283,0.5599
la1,CHALLENGER,-,TTVxSWRDRUBEN,186,137,0.5759
la1,CHALLENGER,-,Haka,364,311,0.5393
la1,CHALLENGER,-,24H xSWRD,183,144,0.5596
la1,CHALLENGER,-,Slinc,242,185,0.5667
la1,CHALLENGER,-,as valudp,199,176,0.5307
la1,CHALLENGER,-,superIativo,172,140,0.5513
la1,CHALLENGER,-,Lol1 Socialista,182,148,0.5515
la1,CHALLENGER,-,Jhavi,428,410,0.5107
la1,CHALLENGER,-,z z,234,205,0.533
la1,CHALLENGER,-,TwitchTvZeltGG,260,171,0.6032
la1,CHALLENGER,-,TK boLa,154,106,0.5923
la1,CHALLENGER,-,STB Gothboii,395,376,0.5123
la1,CHALLENGER,-,xXElTanquesitoXx,371,347,0.5167
la1,CHALLENGER,-,Msg For Onlyfans,146,121,0.5468
la1,CHALLENGER,-,XxFREDEADxX,135,97,0.5819
la1,CHALLENGER,-,TDT de Longaniza,323,280,0.5357
la1,CHALLENGER,-,Manguito Clásico,300,237,0.5587
la1,CHALLENGER,-,Sulta,83,63,0.5685
la1,CHALLENGER,-,Jauny,173,106,0.6201
la1,CHALLENGER,-,ILikePotatoes,174,150,0.537
la1,CHALLENGER,-,Sandier Sama,221,185,0.5443
la1,CHALLENGER,-,CUASIM0D0,244,199,0.5508
la1,CHALLENGER,-,Quick Overlord,807,782,0.5079
la1,CHALLENGER,-,Demoniomixto,141,109,0.564
la1,CHALLENGER,-,Navir,130,102,0.5603
la1,CHALLENGER,-,Miyamoto Musashi,187,151,0.5533
la1,CHALLENGER,-,Votux coinflip,179,138,0.5647
la1,CHALLENGER,-,Valkirian,739,689,0.5175
la1,CHALLENGER,-,Zënix,264,213,0.5535
la1,CHALLENGER,-,Shuji Hánma,408,389,0.5119
la1,CHALLENGER,-,Una Q de Nidalee,158,124,0.5603
la1,CHALLENGER,-,Rashel,540,511,0.5138
la1,CHALLENGER,-,Tsundahri,268,236,0.5317
la1,CHALLENGER,-,PIKADURAEXTREMA,194,161,0.5465
la1,CHALLENGER,-,King of Jungle,395,331,0.5441
la1,CHALLENGER,-,Søren 5ian,194,149,0.5656
la1,CHALLENGER,-,Zaïn,459,390,0.5406
la1,CHALLENGER,-,232121,120,95,0.5581
la1,CHALLENGER,-,Kìmi,177,131,0.5747
la1,CHALLENGER,-,JeanPaulRM4,395,346,0.5331
la1,CHALLENGER,-,Lightcax,251,237,0.5143
la1,CHALLENGER,-,Little Casti,263,223,0.5412
la1,CHALLENGER,-,will he,163,114,0.5884
la1,CHALLENGER,-,Carita,146,120,0.5489
la1,CHALLENGER,-,Deiv1d,313,293,0.5165
la1,CHALLENGER,-,Kozmar,430,382,0.5296
la1,CHALLENGER,-,Quantum,442,376,0.5403
la1,CHALLENGER,-,NO LAN PLAYER ,249,213,0.539
la1,CHALLENGER,-,iska,60,35,0.6316
la1,CHALLENGER,-,TCH CLÎØUE,237,208,0.5326
la1,CHALLENGER,-,TTV lFreeSoull,172,145,0.5426
la1,CHALLENGER,-,Darkdeka,214,191,0.5284
la1,CHALLENGER,-,Årtistic,172,146,0.5409
la1,CHALLENGER,-,DéykaN1,220,161,0.5774
la1,CHALLENGER,-,Lya,177,139,0.5601
la1,CHALLENGER,-,Kiwi,328,320,0.5062
la1,CHALLENGER,-,Batidodefresa,243,217,0.5283
la1,CHALLENGER,-,BIackpink,142,88,0.6174
la1,CHALLENGER,-,Venir à por mi,154,84,0.6471
la1,CHALLENGER,-,Âvicii,176,139,0.5587
la1,CHALLENGER,-,dreseul,194,167,0.5374
la1,CHALLENGER,-,NeNi UwU,161,127,0.559
la1,CHALLENGER,-,The Artistic,111,75,0.5968
la1,CHALLENGER,-,His,159,126,0.5579
la1,CHALLENGER,-,CP5 HugoMix,493,464,0.5152
la1,CHALLENGER,-,Speakerzoid,212,192,0.5248
la1,CHALLENGER,-,Brecken,165,146,0.5305
la1,CHALLENGER,-,NoHabloEspanolo,130,95,0.5778
la1,CHALLENGER,-,Ðiluc,620,559,0.5259
la1,CHALLENGER,-,FBGG Kozmar,246,193,0.5604
la1,CHALLENGER,-,TwichTV lol Wero,161,123,0.5669
la1,CHALLENGER,-,Give me 23,511,462,0.5252
la1,CHALLENGER,-,FaIIing,108,96,0.5294
la1,CHALLENGER,-,zMelon,205,169,0.5481
la1,CHALLENGER,-,Scar Hope,402,336,0.5447
la1,CHALLENGER,-,Reset Mind,233,213,0.5224
la1,CHALLENGER,-,Brcnze 5,429,383,0.5283
la1,CHALLENGER,-,Wolýo,152,129,0.5409
la1,CHALLENGER,-,rewkul,403,387,0.5101
la1,CHALLENGER,-,FaithegP,135,94,0.5895
la1,CHALLENGER,-,Kitin,86,50,0.6324
la1,CHALLENGER,-,Sol de Luna,225,203,0.5257
la1,CHALLENGER,-,AltairInfern,385,369,0.5106
la1,CHALLENGER,-,BaIIack,141,80,0.638
la1,CHALLENGER,-,Tînto,114,89,0.5616
la1,CHALLENGER,-,H Q,628,614,0.5056
la1,CHALLENGER,-,Raaay,79,36,0.687
la1,CHALLENGER,-,Luu,168,126,0.5714
la1,CHALLENGER,-,Exequías16,360,244,0.596
la1,CHALLENGER,-,Souls nya uwu,166,129,0.5627
la1,CHALLENGER,-,DarkZero 5,433,418,0.5088
la1,CHALLENGER,-,Dre es Dre,174,140,0.5541
la1,CHALLENGER,-,Melojos,251,200,0.5565
la1,CHALLENGER,-,Aletsis,276,260,0.5149
la1,CHALLENGER,-,Yo la amo mucho,161,121,0.5709
la1,CHALLENGER,-,MłGUËŁøÐßł,222,197,0.5298
la1,CHALLENGER,-,mw mp5,82,62,0.5694
la1,CHALLENGER,-,Dązai,376,349,0.5186
la1,CHALLENGER,-,So Blessed,165,116,0.5872
la1,CHALLENGER,-,Average,235,169,0.5817
la1,CHALLENGER,-,Naehyum,139,95,0.594
la1,CHALLENGER,-,sauronio,204,174,0.5397
la1,CHALLENGER,-,ßaby Yoda,147,113,0.5654
la1,CHALLENGER,-, AG Królïk,366,335,0.5221
la1,CHALLENGER,-,HK Eidoz,424,388,0.5222
la1,CHALLENGER,-,VTR Dante ,320,287,0.5272
la1,CHALLENGER,-,SIayer Supreme,417,360,0.5367
la1,CHALLENGER,-,Dragn,457,419,0.5217
la1,CHALLENGER,-,ASTROGOD99,188,160,0.5402
la1,CHALLENGER,-,King Uri,181,140,0.5639
la1,CHALLENGER,-,Heavenly Lynx,462,416,0.5262
la1,CHALLENGER,-,Jamoncïto,562,519,0.5199
la1,CHALLENGER,-,Skyship,234,210,0.527
la1,CHALLENGER,-,Greedy GOD,182,127,0.589
la1,CHALLENGER,-,TechNoirº,240,201,0.5442
la1,CHALLENGER,-,Kýlan ,307,226,0.576
la1,CHALLENGER,-,Mándarina,398,361,0.5244
la1,CHALLENGER,-,Haltzz,245,149,0.6218
la1,CHALLENGER,-,FDS DCOverkill,265,235,0.53
la1,CHALLENGER,-,Mortuario,138,122,0.5308
la1,GRANDMASTER,-,Drazzed,209,174,0.5457
la1,GRANDMASTER,-,SKC Bazu,130,116,0.5285
la1,GRANDMASTER,-,Lifer,57,42,0.5758
la1,GRANDMASTER,-,BDG odio mid,510,465,0.5231
la1,GRANDMASTER,-,UNB Stardark,182,151,0.5465
la1,GRANDMASTER,-,BHG Sun Eater,250,215,0.5376
la1,GRANDMASTER,-,Ðr Gamer Cris V,373,331,0.5298
la1,GRANDMASTER,-,IPayN,201,190,0.5141
la1,GRANDMASTER,-,V4lhensin,212,161,0.5684
la1,GRANDMASTER,-,Raeghal,73,61,0.5448
la1,GRANDMASTER,-,El An0o Solar ,299,297,0.5017
la1,GRANDMASTER,-, ÂrgØs,184,141,0.5662
la1,GRANDMASTER,-,D Naasheli,936,858,0.5217
la1,GRANDMASTER,-,Uberjackal,496,434,0.5333
la1,GRANDMASTER,-,Tiefleer,239,219,0.5218
la1,GRANDMASTER,-,guzcarlosx,145,101,0.5894
la1,GRANDMASTER,-,Jelex,119,115,0.5085
la1,GRANDMASTER,-,Vash Éstampida,203,183,0.5259
la1,GRANDMASTER,-,AldrichHueleAKk,489,468,0.511
la1,GRANDMASTER,-,JeffHardineero,94,60,0.6104
la1,GRANDMASTER,-,Armandowo,217,200,0.5204
la1,GRANDMASTER,-,Kerry Cotulong,292,271,0.5187
la1,GRANDMASTER,-,Mikansei,389,353,0.5243
la1,GRANDMASTER,-,JKonnor,177,141,0.5566
la1,GRANDMASTER,-,Simp de Tamara,322,277,0.5376
la1,GRANDMASTER,-,Selfish jungler,389,351,0.5257
la1,GRANDMASTER,-,Jeny,131,103,0.5598
la1,GRANDMASTER,-,El Taquicardiö,211,189,0.5275
la1,GRANDMASTER,-,Hanatan,123,117,0.5125
la1,GRANDMASTER,-,Adele,149,131,0.5321
la1,GRANDMASTER,-,s2Cloud,100,79,0.5587
la1,GRANDMASTER,-,IonianMarksman,664,647,0.5065
la1,GRANDMASTER,-,lo siento,74,30,0.7115
la1,GRANDMASTER,-,Wız,440,417,0.5134
la1,GRANDMASTER,-,Gato Mojado,187,147,0.5599
la1,GRANDMASTER,-,DkRAM,336,316,0.5153
la1,GRANDMASTER,-,štepz,632,617,0.506
la1,GRANDMASTER,-,El Sujeto 69,326,285,0.5336
la1,GRANDMASTER,-,A J,211,207,0.5048
la1,GRANDMASTER,-,SRG ƒor us,461,415,0.5263
la1,GRANDMASTER,-,Jude,355,336,0.5137
la1,GRANDMASTER,-,lloiq,649,634,0.5058
la1,GRANDMASTER,-,Shokushu uwu,165,154,0.5172
la1,GRANDMASTER,-,El Anónimo,283,259,0.5221
la1,GRANDMASTER,-,Poletty,65,34,0.6566
la1,GRANDMASTER,-,Hide Øn Rødilløn,463,403,0.5346
la1,GRANDMASTER,-,Omesy,333,301,0.5252
la1,GRANDMASTER,-,Athshangl,225,205,0.5233
la1,GRANDMASTER,-,Lifery,140,119,0.5405
la1,GRANDMASTER,-,FBGG Keixt,423,412,0.5066
la1,GRANDMASTER,-,Bardo Brum Brum,342,313,0.5221
la1,GRANDMASTER,-,martinrm8,244,217,0.5293
la1,GRANDMASTER,-,Girelle x,138,115,0.5455
la1,GRANDMASTER,-,Seir,48,37,0.5647
la1,GRANDMASTER,-,Natwed,383,370,0.5086
la1,GRANDMASTER,-,sobrinodestulum,300,290,0.5085
la1,GRANDMASTER,-,Nightshroud,359,342,0.5121
la1,GRANDMASTER,-,OCME,274,253,0.5199
la1,GRANDMASTER,-,Sonar,350,317,0.5247
la1,GRANDMASTER,-,DaiserWolf,74,42,0.6379
la1,GRANDMASTER,-,Depressed Mid,171,115,0.5979
la1,GRANDMASTER,-,EL AÑAÑINNN,262,241,0.5209
la1,GRANDMASTER,-,BDSM,169,166,0.5045
la1,GRANDMASTER,-,any lonely ,229,219,0.5112
la1,GRANDMASTER,-,Pxrnstar Carry,632,636,0.4984
la1,GRANDMASTER,-,AU Adrianz9,220,210,0.5116
la1,GRANDMASTER,-,W4ys2StopME,272,249,0.5221
la1,GRANDMASTER,-,Gendo,322,316,0.5047
la1,GRANDMASTER,-,Gioanser,200,169,0.542
la1,GRANDMASTER,-,Rocosoy,541,506,0.5167
la1,GRANDMASTER,-,vîns,67,47,0.5877
la1,GRANDMASTER,-,najerita,214,195,0.5232
la1,GRANDMASTER,-,LTF Kronito,836,802,0.5104
la1,GRANDMASTER,-,Lyrics Sucks,170,137,0.5537
la1,GRANDMASTER,-,STARSET LOVER1,83,70,0.5425
la1,GRANDMASTER,-,FRS Fiora,428,419,0.5053
la1,GRANDMASTER,-,Joys,283,266,0.5155
la1,GRANDMASTER,-,Shapéndice,380,360,0.5135
la1,GRANDMASTER,-,Zim Invd,443,417,0.5151
la1,GRANDMASTER,-,itachi1995,290,264,0.5235
la1,GRANDMASTER,-,LSD EXPERIENCE,378,320,0.5415
la1,GRANDMASTER,-,Eren Jaegger,261,220,0.5426
la1,GRANDMASTER,-,Azrael  V,310,286,0.5201
la1,GRANDMASTER,-,Vadyto1 UwU ,151,130,0.5374
la1,GRANDMASTER,-,NO ayudo JGs,452,425,0.5154
la1,GRANDMASTER,-,DrFlamingo,415,388,0.5168
la1,GRANDMASTER,-,Lapierre,206,206,0.5
la1,GRANDMASTER,-,Alicę uwu,333,296,0.5294
la1,GRANDMASTER,-,StormPetit,193,172,0.5288
la1,GRANDMASTER,-,RRREADY,118,110,0.5175
la1,GRANDMASTER,-,OsmarSSJ,182,130,0.5833
la1,GRANDMASTER,-,Paid My Dues,137,117,0.5394
la1,GRANDMASTER,-,TTV FoxyFeels,244,224,0.5214
la1,GRANDMASTER,-,Nuggles,180,137,0.5678
la1,GRANDMASTER,-,HirukoK4,387,365,0.5146
la1,GRANDMASTER,-,Fomor,120,115,0.5106
la1,GRANDMASTER,-,Nips,471,433,0.521
la1,GRANDMASTER,-,TKO Timm313,201,123,0.6204
la1,GRANDMASTER,-,ErichVonManstein,260,240,0.52
la1,GRANDMASTER,-,AU WhiteW0lf,862,869,0.498
la1,GRANDMASTER,-,MK Parzival J,152,142,0.517
la1,GRANDMASTER,-,TTV Peimbertt,119,108,0.5242
la1,GRANDMASTER,-,DW Senso,81,66,0.551
la1,GRANDMASTER,-,WEDGE,428,396,0.5194
la1,GRANDMASTER,-,Koreless,610,596,0.5058
la1,GRANDMASTER,-,Jeche,379,352,0.5185
la1,GRANDMASTER,-,Fórever with her,441,401,0.5238
la1,GRANDMASTER,-,union29,99,68,0.5928
la1,GRANDMASTER,-,Useless princess,79,42,0.6529
la1,GRANDMASTER,-,kikiwawa,132,90,0.5946
la1,GRANDMASTER,-,Cojudo,213,167,0.5605
la1,GRANDMASTER,-,IMistt,546,491,0.5265
la1,GRANDMASTER,-,Sparksfly,299,278,0.5182
la1,GRANDMASTER,-,DeathAngel33,620,592,0.5116
la1,GRANDMASTER,-, go 01 irl,78,55,0.5865
la1,GRANDMASTER,-,Teivs,589,558,0.5135
la1,GRANDMASTER,-,Lord Over Nexus,133,91,0.5938
la1,GRANDMASTER,-,Jot3x,177,167,0.5145
la1,GRANDMASTER,-,Undertakerzz9,372,290,0.5619
la1,GRANDMASTER,-,kikio,1046,1014,0.5078
la1,GRANDMASTER,-,TwentyLotz,262,218,0.5458
la1,GRANDMASTER,-,PhiI,349,331,0.5132
la1,GRANDMASTER,-,jemh,337,271,0.5543
la1,GRANDMASTER,-,Violetta,436,424,0.507
la1,GRANDMASTER,-,Hąyabusa,303,272,0.527
la1,GRANDMASTER,-,Tèmpest,115,118,0.4936
la1,GRANDMASTER,-,SWR Artanix,408,372,0.5231
la1,GRANDMASTER,-,WRŁD,91,53,0.6319
la1,GRANDMASTER,-,StarHide,258,226,0.5331
la1,GRANDMASTER,-,K chö,499,501,0.499
la1,GRANDMASTER,-,GaryGod,277,237,0.5389
la1,GRANDMASTER,-,ELSEÑORKEMONITO,585,579,0.5026
la1,GRANDMASTER,-,Byofrost,278,271,0.5064
la1,GRANDMASTER,-,LLALLALLALLA2022,89,79,0.5298
la1,GRANDMASTER,-,NIGHTBRINDER,397,354,0.5286
la1,GRANDMASTER,-,Acedia,233,213,0.5224
la1,GRANDMASTER,-,SiahEV,372,352,0.5138
la1,GRANDMASTER,-,Encore,244,215,0.5316
la1,GRANDMASTER,-,Daycrow,298,281,0.5147
la1,GRANDMASTER,-,FleekZ,206,199,0.5086
la1,GRANDMASTER,-,jahm,229,163,0.5842
la1,GRANDMASTER,-,WheelchairBilly,62,57,0.521
la1,GRANDMASTER,-,Caesar Uri ,634,593,0.5167
la1,GRANDMASTER,-,McMuffin,177,161,0.5237
la1,GRANDMASTER,-,Zaín,259,211,0.5511
la1,GRANDMASTER,-,Asterisk,125,98,0.5605
la1,GRANDMASTER,-,Origen,120,99,0.5479
la1,GRANDMASTER,-,ChangeMyNamePls,154,147,0.5116
la1,GRANDMASTER,-,ICU Zoomeranged,190,133,0.5882
la1,GRANDMASTER,-,BasebaLL,299,292,0.5059
la1,GRANDMASTER,-,ƒor her,295,294,0.5008
la1,GRANDMASTER,-,sauron117 LOL,634,579,0.5227
la1,GRANDMASTER,-,Dribulkai,226,196,0.5355
la1,GRANDMASTER,-,Deeang,95,84,0.5307
la1,GRANDMASTER,-,El Nąlgon,248,212,0.5391
la1,GRANDMASTER,-,STX Brightxoul,197,192,0.5064
la1,GRANDMASTER,-,Daddy Threshy,142,133,0.5164
la1,GRANDMASTER,-,Acuarelas,164,120,0.5775
la1,GRANDMASTER,-,Afroa,960,901,0.5159
la1,GRANDMASTER,-,NeiI,139,121,0.5346
la1,GRANDMASTER,-,Betoskki,233,185,0.5574
la1,GRANDMASTER,-,51 Antimonio Sb,284,266,0.5164
la1,GRANDMASTER,-,Virum Dante,127,84,0.6019
la1,GRANDMASTER,-,Soulsebastian8,356,304,0.5394
la1,GRANDMASTER,-,Il Palazzo,472,418,0.5303
la1,GRANDMASTER,-,ChompFizz,199,149,0.5718
la1,GRANDMASTER,-,Eclixer,113,108,0.5113
la1,GRANDMASTER,-,Shadon,145,114,0.5598
la1,GRANDMASTER,-,Attıs Ha Vuelto,188,148,0.5595
la1,GRANDMASTER,-,Simp de Soþhie,339,345,0.4956
la1,GRANDMASTER,-,PICK AP MID PLS,205,149,0.5791
la1,GRANDMASTER,-,Duttymick,514,460,0.5277
la1,GRANDMASTER,-,Quiet Ferocity,116,88,0.5686
la1,GRANDMASTER,-,ªTheEvolutionª,251,219,0.534
la1,GRANDMASTER,-,SnowLight,243,237,0.5062
la1,GRANDMASTER,-,va por ti emily,635,517,0.5512
la1,GRANDMASTER,-,AIien X ,126,112,0.5294
la1,GRANDMASTER,-,Youtube UJard,110,85,0.5641
la1,GRANDMASTER,-,LFT Urbandx,192,158,0.5486
la1,GRANDMASTER,-,farrawla,138,120,0.5349
la1,GRANDMASTER,-,Bonifacia,122,64,0.6559
la1,GRANDMASTER,-,Werkelchons,246,208,0.5419
la1,GRANDMASTER,-,MK WilBR,283,259,0.5221
la1,GRANDMASTER,-,Johan Love,354,319,0.526
la1,GRANDMASTER,-,MarchedWaif89,1028,1005,0.5057
la1,GRANDMASTER,-,Hybríd,178,164,0.5205
la1,GRANDMASTER,-,UG Machaco,240,199,0.5467
la1,GRANDMASTER,-,Helios,138,121,0.5328
la1,GRANDMASTER,-,Fínzy,330,270,0.55
la1,GRANDMASTER,-,Mariah,172,130,0.5695
la1,GRANDMASTER,-,HärryLaCruuu,204,169,0.5469
la1,GRANDMASTER,-,Dr Mayan,162,126,0.5625
la1,GRANDMASTER,-,TheZumer,361,349,0.5085
la1,GRANDMASTER,-,Im Not Percede,121,80,0.602
la1,GRANDMASTER,-,Splatter,248,235,0.5135
la1,GRANDMASTER,-,Deadly Cream,183,175,0.5112
la1,GRANDMASTER,-,Jax oprimido,281,249,0.5302
la1,GRANDMASTER,-,Cosmic Paradais,431,412,0.5113
la1,GRANDMASTER,-,GatoSteMen,407,407,0.5
la1,GRANDMASTER,-,Be Still,426,386,0.5246
la1,MASTER,-,K Ø Y I R A,431,392,0.5237
la1,MASTER,-,menace,90,69,0.566
la1,MASTER,-,Dr Insólito,129,128,0.5019
la1,MASTER,-,Bittersweet boy,71,73,0.4931
la1,MASTER,-,DeRada8,73,71,0.5069
la1,MASTER,-,Sniperkrry,328,285,0.5351
la1,MASTER,-,NF Kurisi ,149,142,0.512
la1,MASTER,-,RealKuri,164,112,0.5942
la1,MASTER,-,StardustFox,371,354,0.5117
la1,MASTER,-,JONBEO,177,160,0.5252
la1,MASTER,-,Kiroos,215,222,0.492
la1,MASTER,-,jimmyplay,515,452,0.5326
la1,MASTER,-,Okumurax77,314,278,0.5304
la1,MASTER,-,Zilch21,464,449,0.5082
la1,MASTER,-,spicy taquito,276,249,0.5257
la1,MASTER,-,conrat,217,193,0.5293
la1,MASTER,-,GG Spectre,188,144,0.5663
la1,MASTER,-,PG Trick2blu4,646,587,0.5239
la1,MASTER,-,iBatheinTheBlood,289,229,0.5579
la1,MASTER,-,MrPriestlyDT,77,45,0.6311
la1,MASTER,-,Sicario Emprende,253,259,0.4941
la1,MASTER,-,Diogo Car,170,157,0.5199
la1,MASTER,-,My Waifu Emilia,285,239,0.5439
la1,MASTER,-,SG Ðrilaxs,498,455,0.5226
la1,MASTER,-,Qedykeso,231,213,0.5203
la1,MASTER,-,Seishin,470,450,0.5109
la1,MASTER,-,Déstrü,238,231,0.5075
la1,MASTER,-,busco amigos pls,165,128,0.5631
la1,MASTER,-,Diogo123,243,226,0.5181
la1,MASTER,-,Michi Miado,78,57,0.5778
la1,MASTER,-,TyranFX,664,662,0.5008
la1,MASTER,-,Lann,86,81,0.515
la1,MASTER,-,oOoRenoOo,272,279,0.4936
la1,MASTER,-,Senryu,77,58,0.5704
la1,MASTER,-,Wabı Sabı,63,48,0.5676
la1,MASTER,-,Elvin Leo,158,135,0.5392
la1,MASTER,-,TwitchTV Aibreik,175,147,0.5435
la1,MASTER,-,Osclaw,164,124,0.5694
la1,MASTER,-,KaynbeciI,215,191,0.5296
la1,MASTER,-,rambo1456,197,183,0.5184
la1,MASTER,-,Death Of Knight,164,141,0.5377
la1,MASTER,-,Br3t,171,150,0.5327
la1,MASTER,-,xM Hyzteria I,242,218,0.5261
la1,MASTER,-,MASHIDIOS,280,219,0.5611
la1,MASTER,-,Hâte,109,79,0.5798
la1,MASTER,-,Siwars XI,251,195,0.5628
la1,MASTER,-,Onier,68,69,0.4964
la1,MASTER,-,vers top 18cm,669,628,0.5158
la1,MASTER,-,Box,128,115,0.5267
la1,MASTER,-,Yo les disparo,138,108,0.561
la1,MASTER,-,Anticucho kun,531,499,0.5155
la1,MASTER,-,Theo Kurum,123,85,0.5913
la1,MASTER,-,hekehn,252,229,0.5239
la1,MASTER,-,d13g0naka,193,120,0.6166
la1,MASTER,-,DrG Imar,117,109,0.5177
la1,MASTER,-,Chifuyu Matsunø,140,116,0.5469
la1,MASTER,-,Alain,375,351,0.5165
la1,MASTER,-,isa,72,52,0.5806
la1,MASTER,-,I hate u,259,236,0.5232
la1,MASTER,-,Konuko,256,261,0.4952
la1,MASTER,-,Rusian16,149,120,0.5539
la1,MASTER,-,lLaika Kudryavka,174,134,0.5649
la1,MASTER,-,Berht,237,241,0.4958
la1,MASTER,-,Darkclaw,307,307,0.5
la1,MASTER,-,Homicide,122,103,0.5422
la1,MASTER,-,iJhonatan,159,145,0.523
la1,MASTER,-,VLK Sualy,251,237,0.5143
la1,MASTER,-,Mago del T1emp0,143,120,0.5437
la1,MASTER,-,Aery,201,197,0.505
la1,MASTER,-,CJS Sofm,244,159,0.6055
la1,MASTER,-,The Shield Heroo,208,201,0.5086
la1,MASTER,-,Diddier,197,198,0.4987
la1,MASTER,-,Main Lux,177,136,0.5655
la1,MASTER,-,Sin D2,426,392,0.5208
la1,MASTER,-,LudocieI,613,564,0.5208
la1,MASTER,-,Spammer,83,53,0.6103
la1,MASTER,-,leorez,203,195,0.5101
la1,MASTER,-,The Cryophoenixº,187,163,0.5343
la1,MASTER,-,UptonpJeW,133,109,0.5496
la1,MASTER,-,CRS PrettyBoy ,396,380,0.5103
la1,MASTER,-,OwenBringer7,146,134,0.5214
la1,MASTER,-,In korea Daegu,223,193,0.5361
la1,MASTER,-,Ing Markench,347,331,0.5118
la1,MASTER,-,FCE Jusepe ,283,271,0.5108
la1,MASTER,-,Sergiox222,204,171,0.544
la1,MASTER,-,Charmaicol,206,189,0.5215
la1,MASTER,-,lapeñaVlll ,1071,1067,0.5009
la1,MASTER,-,Dulce Gatita,203,175,0.537
la1,MASTER,-,Monkii,219,220,0.4989
la1,MASTER,-,No la armas ,224,194,0.5359
la1,MASTER,-,Raxbeye,91,56,0.619
la1,MASTER,-,iloveshamwow,84,64,0.5676
la1,MASTER,-,AJDheux,184,183,0.5014
la1,MASTER,-,Khëy,97,81,0.5449
la1,MASTER,-,Unlucky no más,198,200,0.4975
la1,MASTER,-,PFG Tavo,163,157,0.5094
la1,MASTER,-,TG PotatoHot,133,92,0.5911
la1,MASTER,-,Enano1717,114,96,0.5429
la1,MASTER,-,Yabeh,247,220,0.5289
la1,MASTER,-,llBGMll,416,391,0.5155
la1,MASTER,-,YoshiCab,260,233,0.5274
la1,MASTER,-,Gonzaloo,189,147,0.5625
la1,MASTER,-,MasterLOOOL,251,213,0.5409
la1,MASTER,-,eBo Yariv,263,251,0.5117
la1,MASTER,-,Stefano,388,408,0.4874
la1,MASTER,-,G2 Carzzy,161,133,0.5476
la1,MASTER,-,I Piwo I,64,37,0.6337
la1,MASTER,-,High Key Savage,122,115,0.5148
la1,MASTER,-,WartedMars,228,220,0.5089
la1,MASTER,-,Wolfstak,349,332,0.5125
la1,MASTER,-,Risas,231,167,0.5804
la1,MASTER,-,ñañeel añuñaaa,104,68,0.6047
la1,MASTER,-,Sıtu Feng,93,65,0.5886
la1,MASTER,-,Spaakinho,262,240,0.5219
la1,MASTER,-,Project DIMC,371,333,0.527
la1,MASTER,-,Le Suneater,182,164,0.526
la1,MASTER,-,Nanika Zoldyck,418,393,0.5154
la1,MASTER,-,Worst Wild Card,115,101,0.5324
la1,MASTER,-,Blasnais1513,65,43,0.6019
la1,MASTER,-,jesusosiriss,273,240,0.5322
la1,MASTER,-,Azzurro,437,389,0.5291
la1,MASTER,-,Whíte,175,172,0.5043
la1,MASTER,-,mrproxi2,528,500,0.5136
la1,MASTER,-,terminator03,375,354,0.5144
la1,MASTER,-,Iterashai  nwn,43,20,0.6825
la1,MASTER,-,Natsume,377,379,0.4987
la1,MASTER,-,I Argonauta I,143,127,0.5296
la1,MASTER,-,JUANZER0,790,750,0.513
la1,MASTER,-,Piky,102,82,0.5543
la1,MASTER,-,JonMagallon,165,169,0.494
la1,MASTER,-,Vangarde,100,73,0.578
la1,MASTER,-,LDC,161,143,0.5296
la1,MASTER,-,Crystal,224,231,0.4923
la1,MASTER,-,stay wîth me,43,36,0.5443
la1,MASTER,-,dont touchuwu,110,112,0.4955
la1,MASTER,-,29 29 29 29,86,77,0.5276
la1,MASTER,-,tungus,132,94,0.5841
la1,MASTER,-,PAU LO LON ÐRA,159,130,0.5502
la1,MASTER,-,Øriginal ,280,274,0.5054
la1,MASTER,-,Gap,82,68,0.5467
la1,MASTER,-,Khaoz Mage,158,163,0.4922
la1,MASTER,-,Blood Moon Pyke,184,172,0.5169
la1,MASTER,-,INS Theory ,104,90,0.5361
la1,MASTER,-,RSG Blax,403,363,0.5261
la1,MASTER,-,Gen G ºNiviruº,38,14,0.7308
la1,MASTER,-,Ski nail,46,16,0.7419
la1,MASTER,-,Nêith,141,131,0.5184
la1,MASTER,-,Nïsha FanGirl,53,46,0.5354
la1,MASTER,-,ízual,60,46,0.566
la1,MASTER,-,Waroc,181,158,0.5339
la1,MASTER,-,El Tio Cobayo,406,379,0.5172
la1,MASTER,-,TwitchTvLapiz7w7,166,168,0.497
la1,MASTER,-,SwordTheWind,74,33,0.6916
la1,MASTER,-,Tony Chopper,259,242,0.517
la1,MASTER,-,Icy,292,270,0.5196
la1,MASTER,-,full testing,328,312,0.5125
la1,MASTER,-,La Vena Raf,174,157,0.5257
la1,MASTER,-,ITC FredØ,96,102,0.4848
la1,MASTER,-,Kisake,129,110,0.5397
la1,MASTER,-,SIump,225,212,0.5149
la1,MASTER,-,Success,33,22,0.6
la1,MASTER,-,Wirwin,208,197,0.5136
la1,MASTER,-,Androssî Zahard,20,12,0.625
la1,MASTER,-,Fahren Paul,737,711,0.509
la1,MASTER,-,YanxsYexjForever,447,421,0.515
la1,MASTER,-,SKTfakermaestro ,353,332,0.5153
la1,MASTER,-,Umy,263,234,0.5292
la1,MASTER,-,Puerto Rico,48,32,0.6
la1,MASTER,-,Fus,121,110,0.5238
la1,MASTER,-,FdyMendo,650,627,0.509
la1,MASTER,-,TØxin,464,436,0.5156
la1,MASTER,-,1KNDGaesopetona,403,368,0.5227
la1,MASTER,-,Kalegos,389,381,0.5052
la1,MASTER,-,Dälienx,278,245,0.5315
la1,MASTER,-,Le Hook,272,281,0.4919
la1,MASTER,-,GT xxgilyt,300,272,0.5245
la1,MASTER,-,WeakSideWarrior ,159,149,0.5162
la1,MASTER,-,Top and jg GAP,156,169,0.48
la1,MASTER,-,Pöche,222,196,0.5311
la1,MASTER,-,Betitocornudo,593,568,0.5108
la1,MASTER,-,ManequeR,417,377,0.5252
la1,MASTER,-,WP Dante,567,554,0.5058
la1,MASTER,-, Blaast,487,408,0.5441
la1,MASTER,-,Avęry,130,92,0.5856
la1,MASTER,-,BellRosiita,124,110,0.5299
la1,MASTER,-,LAN igual TRASH,339,338,0.5007
la1,MASTER,-,ElMilanesito,472,473,0.4995
la1,MASTER,-,EsÐeath,91,68,0.5723
la1,MASTER,-,MC Dierem,93,83,0.5284
la1,MASTER,-,Random Player 29,259,239,0.5201
la1,MASTER,-,canlkozki,135,121,0.5273
la1,MASTER,-,WordLion,148,110,0.5736
la1,MASTER,-,BestJumpingChamp,329,295,0.5272
la1,MASTER,-,Another Psycho,278,278,0.5
la1,MASTER,-,PDT AskaMoon,235,193,0.5491
la1,MASTER,-,lostemerarios69,149,134,0.5265
la1,MASTER,-,Killer Of Heroes,201,169,0.5432
la1,MASTER,-,UKG Papaia,134,100,0.5726
la1,MASTER,-,Madê In Perú,185,141,0.5675
la1,MASTER,-,bhop,126,98,0.5625
